# the recognisers' lexicons: ROM address, name, file (its size word, then the trie)
6853dc	gEnum80DaysMonths	lexicons/gEnum80DaysMonths.bin
685500	gEnum80Empty	lexicons/gEnum80Empty.bin
685508	gEnum80Letters	lexicons/gEnum80Letters.bin
685544	gEnum80loc_words	lexicons/gEnum80loc_words.bin
68c948	gEnum80prefixes	lexicons/gEnum80prefixes.bin
68cc50	gEnum80sh_city	lexicons/gEnum80sh_city.bin
691e40	gEnum80sh_country	lexicons/gEnum80sh_country.bin
692a4c	gEnum80sh_first	lexicons/gEnum80sh_first.bin
697388	gEnum80sh_honorific	lexicons/gEnum80sh_honorific.bin
697ef4	gEnum80sh_state	lexicons/gEnum80sh_state.bin
69943c	gEnum80sh_words	lexicons/gEnum80sh_words.bin
6f7d60	gEnum80spellcheck_ignore	lexicons/gEnum80spellcheck_ignore.bin
70881c	gEnum80suffixes	lexicons/gEnum80suffixes.bin
708fc4	gEnum80us_words	lexicons/gEnum80us_words.bin
70a788	gEnum81IAWordList	lexicons/gEnum81IAWordList.bin
70ab14	gEnum81sh_address	lexicons/gEnum81sh_address.bin
70ac74	gEnum81sh_common_freq_fwd	lexicons/gEnum81sh_common_freq_fwd.bin
70c220	gLex8FunnyPhone	lexicons/gLex8FunnyPhone.bin
70c3c4	gLex8IDNumbers	lexicons/gLex8IDNumbers.bin
70c538	gLex8WorldPhone	lexicons/gLex8WorldPhone.bin
70c63c	gLex8calcsheet	lexicons/gLex8calcsheet.bin
70d8e8	gLex8closequote	lexicons/gLex8closequote.bin
70d914	gLex8date	lexicons/gLex8date.bin
711c9c	gLex8daymonth	lexicons/gLex8daymonth.bin
711f90	gLex8endpunct	lexicons/gLex8endpunct.bin
711fd0	gLex8hyphen	lexicons/gLex8hyphen.bin
711ff4	gLex8money	lexicons/gLex8money.bin
714d00	gLex8moneyCFr	lexicons/gLex8moneyCFr.bin
7173f0	gLex8numbers	lexicons/gLex8numbers.bin
7180b8	gLex8numbersCFr	lexicons/gLex8numbersCFr.bin
718d7c	gLex8openquote	lexicons/gLex8openquote.bin
718dac	gLex8phone	lexicons/gLex8phone.bin
719b4c	gLex8postcode	lexicons/gLex8postcode.bin
719c4c	gLex8ssn	lexicons/gLex8ssn.bin
719c9c	gLex8symbolsPart1	lexicons/gLex8symbolsPart1.bin
719d0c	gLex8symbolsPart2	lexicons/gLex8symbolsPart2.bin
719d64	gLex8time	lexicons/gLex8time.bin
71a7a4	gLex8wordlike	lexicons/gLex8wordlike.bin
71a864	gSymb80SwedishSymbols	lexicons/gSymb80SwedishSymbols.bin
71a8e4	gSymb80Symbols	lexicons/gSymb80Symbols.bin
