# the magic-pointer table: @index, then the object (its path) or value
table	3af000
0	obj_63ad05
1	obj_63ad31
2	obj_63ad61
3	obj_63adb5
4	obj_63adcd
5	obj_63adfd
6	obj_63ae4d
7	obj_63af59
8	obj_63b065
9	obj_63b1f9
10	obj_63b231
11	obj_63b29d
12	obj_63b2b1
13	obj_63b2cd
14	obj_63b7f9
15	obj_63b811
16	obj_63b829
17	obj_63b859
18	obj_63b90d
19	obj_63bd09
20	obj_63bd41
21	obj_63bd85
22	obj_63bdc1
23	obj_63bded
24	obj_63be0d
25	obj_63be69
26	obj_63be85
27	obj_63be9d
28	obj_63bea9
29	obj_63bee9
30	obj_63bf01
31	obj_63bf21
32	obj_63bf3d
33	obj_63bf69
34	obj_63bf95
35	obj_63bfad
36	obj_63bfc9
37	obj_63bfe5
38	obj_63c011
39	obj_63c03d
40	obj_63c051
41	obj_63c085
42	'obsolete
43	obj_63c0a5
44	obj_63c0c1
45	obj_63c0d5
46	obj_63c101
47	obj_63c115
48	obj_63c12d
49	obj_63c139
50	obj_63c169
51	obj_63c1b1
52	obj_63c1d1
53	obj_63c1e5
54	obj_63c1fd
55	obj_63c215
56	obj_63c22d
57	obj_63c251
58	obj_63c271
59	obj_63c3d9
60	obj_63c4a1
61	obj_63c4b1
62	obj_63c4fd
63	obj_63c52d
64	obj_63c545
65	obj_63c559
66	obj_63c575
67	obj_63c5d1
68	obj_63c645
69	obj_63c691
70	obj_63c69d
71	obj_63c715
72	obj_63c741
73	obj_63c781
74	obj_63c7bd
75	obj_63cc29
76	obj_63cc75
77	obj_63cca5
78	obj_63ccd5
79	obj_63ccf5
80	obj_63d161
81	obj_63d1a5
82	obj_63d1c9
83	obj_63d1ed
84	obj_63d259
85	obj_63d2fd
86	obj_63d32d
87	obj_63d341
88	obj_63d359
89	obj_63d371
90	obj_63d389
91	obj_63d3a1
92	obj_63d3b9
93	obj_63d3d1
94	obj_63d3e9
95	obj_63d401
96	obj_63d419
97	obj_63d431
98	obj_63d449
99	obj_63d461
100	obj_63d479
101	obj_63d491
102	obj_63d4a9
103	obj_63d4d9
104	obj_63d52d
105	obj_63d571
106	obj_63d595
107	obj_63d5a5
108	obj_63d5cd
109	obj_63d619
110	obj_63d655
111	obj_63d681
112	obj_63d699
113	obj_63d6d9
114	obj_63d6f5
115	obj_63d711
116	obj_63d789
117	obj_63d7a5
118	obj_63d7c5
119	obj_63d7e5
120	obj_63d805
121	obj_63d875
122	obj_63d925
123	obj_63da55
124	obj_63da8d
125	obj_63dab1
126	obj_63daf5
127	obj_63db11
128	obj_63db3d
129	obj_63db6d
130	obj_63db8d
131	obj_63dc15
132	obj_63dc59
133	obj_63dc9d
134	obj_63dcdd
135	obj_63dd15
136	obj_63dd5d
137	obj_63ddd1
138	obj_63ddfd
139	obj_63de25
140	obj_63de41
141	obj_63de65
142	obj_63de9d
143	obj_63deb1
144	obj_63dec5
145	obj_63dedd
146	obj_63f8e9
147	obj_63f909
148	obj_63f92d
149	obj_63f959
150	obj_63f9a1
151	obj_63f9d1
152	obj_63f9f5
153	obj_63fa3d
154	obj_63fa89
155	obj_63fad5
156	obj_63fb01
157	obj_63fb3d
158	obj_63fb69
159	obj_63fc25
160	obj_63fc4d
161	obj_63fc6d
162	obj_63fc89
163	obj_63fc9d
164	obj_63fcc9
165	obj_63fcdd
166	obj_63fd39
167	obj_63fd65
168	obj_63fd7d
169	obj_63fdb1
170	obj_63fdc5
171	obj_63fde9
172	obj_63fec9
173	obj_63ff0d
174	obj_63ff35
175	obj_63ffe9
176	obj_640071
177	obj_6400a1
178	obj_6400b5
179	obj_6400d5
180	obj_6400f5
181	obj_64010d
182	obj_640129
183	obj_64015d
184	obj_6401a1
185	obj_6401ed
186	obj_640235
187	obj_640241
188	obj_640271
189	obj_6402ad
190	obj_640349
191	obj_6403e5
192	obj_640479
193	obj_6404e1
194	obj_640519
195	obj_640559
196	obj_6405e9
197	obj_64063d
198	obj_640669
199	obj_640695
200	obj_6406b5
201	obj_640729
202	obj_640771
203	obj_640799
204	obj_6407dd
205	obj_640805
206	obj_640825
207	obj_64086d
208	obj_64088d
209	obj_6408ad
210	obj_6408f5
211	obj_64092d
212	obj_64097d
213	obj_6409ad
214	obj_640a29
215	obj_640ab1
216	obj_640b3d
217	obj_640b6d
218	obj_640b95
219	obj_640bcd
220	obj_640bed
221	obj_640c21
222	obj_640c5d
223	obj_640c75
224	obj_640cbd
225	obj_640cf1
226	obj_640d21
227	obj_640d61
228	obj_640d8d
229	obj_640e4d
230	obj_640e8d
231	obj_640e99
232	obj_640f11
233	obj_640f31
234	obj_640fad
235	obj_641041
236	obj_641099
237	obj_6410c1
238	obj_641121
239	obj_641135
240	obj_641161
241	obj_641201
242	obj_641225
243	obj_64124d
244	obj_641265
245	obj_641345
246	obj_64137d
247	obj_6413ad
248	obj_6413d1
249	obj_641525
250	obj_641549
251	obj_641569
252	obj_641585
253	obj_6415a5
254	obj_64164d
255	obj_6416b5
256	obj_6416dd
257	obj_6416ed
258	obj_641705
259	obj_641751
260	obj_6417cd
261	obj_641839
262	obj_63adcd
263	obj_641859
264	obj_6418a5
265	obj_6418ed
266	obj_641911
267	obj_641925
268	obj_64193d
269	obj_641955
270	obj_641a11
271	obj_641c15
272	obj_641c31
273	'espy
274	'helvetica
275	obj_641c6d
276	obj_641c81
277	obj_641c31
278	obj_641c9d
279	obj_641cd9
280	obj_641d4d
281	obj_641d85
282	obj_641d9d
283	obj_641db5
284	obj_641de1
285	obj_641e45
286	obj_642041
287	obj_642059
288	obj_64247d
289	obj_63b829
290	obj_6424bd
291	obj_6424c9
292	obj_6424dd
293	obj_6424f1
294	obj_642521
295	obj_642599
296	obj_6425b9
297	obj_6425d9
298	obj_6425f1
299	obj_642721
300	obj_642751
301	obj_642781
302	obj_6427ad
303	obj_6427cd
304	obj_6427f9
305	obj_642825
306	obj_64288d
307	obj_6428ad
308	obj_6428d1
309	obj_6428e5
310	obj_642945
311	obj_6429b1
312	obj_6429c9
313	obj_6429dd
314	obj_642a0d
315	obj_642a3d
316	obj_642a7d
317	obj_642a99
318	obj_642acd
319	obj_642ad9
320	obj_642ae5
321	obj_6430d9
322	obj_64413d
323	obj_644151
324	obj_644165
325	obj_644179
326	obj_644191
327	obj_6441a9
328	obj_6441c1
329	obj_6441d9
330	obj_6441f1
331	obj_644205
332	obj_64421d
333	obj_644235
334	obj_644249
335	obj_644261
336	obj_644275
337	obj_64428d
338	obj_6442a5
339	obj_6442bd
340	obj_6442f5
341	obj_644309
342	obj_644331
343	obj_644349
344	obj_644361
345	obj_644375
346	obj_6443f1
347	obj_644405
348	obj_644419
349	obj_64442d
350	obj_644441
351	obj_644455
352	obj_64446d
353	obj_644485
354	obj_6444e1
355	obj_6444f5
356	obj_644519
357	obj_644595
358	obj_6445ad
359	obj_6445d9
360	obj_64462d
361	obj_644655
362	obj_644679
363	obj_64472d
364	obj_644741
365	obj_644765
366	obj_644789
367	obj_6447ad
368	obj_6447d1
369	obj_6447f5
370	obj_644819
371	obj_64483d
372	obj_644885
373	obj_6448b5
374	obj_6448c9
375	obj_6448dd
376	obj_644909
377	obj_644931
378	obj_644961
379	obj_6449c1
380	obj_6449e5
381	obj_644a15
382	obj_644a2d
383	obj_644a51
384	obj_644ab5
385	obj_644ad9
386	obj_644b01
387	obj_644b31
388	obj_644b95
389	obj_644cfd
390	obj_644e59
391	obj_644e6d
392	obj_644ead
393	obj_644ef5
394	obj_645031
395	obj_645031
396	obj_645101
397	obj_645115
398	obj_645129
399	obj_6452e9
400	obj_645325
401	obj_645359
402	obj_645371
403	obj_645445
404	obj_645489
405	obj_6454b9
406	obj_6455c9
407	obj_645641
408	obj_645665
409	obj_64568d
410	obj_6456e1
411	obj_645741
412	obj_645785
413	obj_645811
414	obj_645839
415	obj_64587d
416	obj_645899
417	obj_6458b5
418	obj_6458cd
419	obj_6458e9
420	obj_645901
421	obj_645921
422	obj_645939
423	obj_64594d
424	obj_645961
425	obj_645975
426	obj_645989
427	obj_6459a5
428	obj_6459c1
429	obj_6459e1
430	obj_645a61
431	obj_645a85
432	obj_645ae5
433	obj_645b15
434	obj_645b3d
435	obj_645b6d
436	obj_645b99
437	obj_645bd9
438	obj_645bf1
439	obj_645c05
440	obj_645c25
441	obj_645c4d
442	obj_645c95
443	obj_645cd1
444	obj_645ced
445	obj_645d0d
446	obj_645d31
447	obj_645d49
448	obj_645d6d
449	obj_645d81
450	obj_645d99
451	obj_645dad
452	obj_645ded
453	obj_645e0d
454	obj_645e3d
455	obj_645e81
456	obj_645ef1
457	obj_645f11
458	obj_645f31
459	obj_645f41
460	obj_645f81
461	obj_645fad
462	obj_646111
463	obj_646171
464	obj_6461b5
465	obj_6461e1
466	obj_6462b9
467	obj_6462d9
468	obj_646351
469	obj_646381
470	obj_6463b1
471	obj_6463f5
472	obj_646431
473	obj_646479
474	obj_6464b1
475	obj_6464ed
476	obj_646519
477	obj_646561
478	obj_64659d
479	obj_6465ed
480	obj_646601
481	obj_646619
482	obj_646665
483	obj_6466e5
484	obj_64670d
485	obj_646771
486	obj_646875
487	obj_646901
488	obj_64692d
489	obj_646975
490	obj_6469a1
491	obj_6469b5
492	obj_6469cd
493	obj_6469e5
494	obj_6469f9
495	obj_646a15
496	obj_646a2d
497	obj_646a41
498	obj_646a79
499	obj_646ab9
500	obj_646ad5
501	obj_646b3d
502	obj_646bdd
503	obj_646c01
504	obj_646c11
505	obj_646c49
506	obj_646c8d
507	obj_646cc1
508	obj_646cf1
509	obj_646d49
510	obj_646d85
511	obj_646da1
512	obj_646e2d
513	obj_646e75
514	obj_63f909
515	obj_646ea5
516	obj_646eb9
517	obj_646ef9
518	obj_646f1d
519	obj_646f55
520	obj_646f79
521	obj_646fa5
522	obj_646fe1
523	obj_647011
524	obj_647041
525	obj_647065
526	obj_647065
527	obj_647085
528	obj_6470b9
529	obj_6470d5
530	obj_6470f9
531	obj_647109
532	obj_647135
533	obj_647179
534	obj_647195
535	obj_6471d9
536	obj_6472ad
537	obj_6472cd
538	obj_6472f1
539	obj_647319
540	obj_647341
541	obj_64734d
542	obj_6473a9
543	obj_647409
544	obj_64742d
545	obj_647455
546	obj_647469
547	obj_6474a9
548	obj_647589
549	obj_6475c5
550	obj_6475ed
551	obj_647649
552	obj_647661
553	obj_647699
554	obj_6476bd
555	obj_6476d1
556	obj_647711
557	obj_647729
558	obj_647771
559	obj_6477a1
560	obj_6477cd
561	obj_6477e1
562	obj_6477f5
563	obj_647809
564	obj_64782d
565	obj_6478e9
566	obj_647919
567	obj_64792d
568	obj_6479ad
569	obj_6479e9
570	obj_6479fd
571	obj_647a0d
572	obj_647a51
573	obj_647a85
574	obj_647ac5
575	obj_647b25
576	obj_647b75
577	obj_647ba1
578	obj_647be1
579	obj_647bf1
580	obj_647d15
581	obj_647d2d
582	obj_647d45
583	obj_647d5d
584	obj_647d75
585	obj_647d8d
586	obj_647da5
587	obj_647dbd
588	obj_647ddd
589	obj_647dfd
590	obj_647e55
591	obj_647e89
592	obj_647e9d
593	obj_647eb1
594	obj_647ec9
595	obj_647edd
596	obj_647ef1
597	obj_647f05
598	obj_647f19
599	obj_647f2d
600	obj_647f45
601	obj_647f59
602	obj_647f6d
603	obj_647f81
604	obj_647f95
605	obj_647fa9
606	obj_647fed
607	obj_648011
608	obj_648055
609	obj_648081
610	obj_6480b9
611	obj_6480fd
612	obj_648125
613	obj_648145
614	obj_648171
615	obj_648189
616	obj_6481bd
617	obj_6481d9
618	obj_648235
619	obj_648275
620	obj_64828d
621	obj_6482a5
622	obj_6482bd
623	obj_6482d1
624	obj_648389
625	obj_6483a1
626	obj_6483c1
627	obj_648411
628	obj_648441
629	obj_648475
630	obj_6484a5
631	obj_6484dd
632	obj_648509
633	obj_648519
634	obj_64852d
635	obj_648541
636	obj_648559
637	obj_648571
638	obj_648589
639	obj_6485c9
640	obj_64860d
641	obj_648641
642	obj_648655
643	obj_648689
644	obj_6486b1
645	obj_6486e1
646	obj_648701
647	obj_648725
648	obj_648739
649	obj_648755
650	obj_648771
651	obj_6487a5
652	obj_6487b9
653	obj_64881d
654	obj_648849
655	obj_648879
656	obj_6488b9
657	obj_6488e5
658	obj_648911
659	obj_64893d
660	obj_648969
661	obj_64898d
662	obj_6489bd
663	obj_648a41
664	obj_648aad
665	obj_648ae9
666	obj_648b15
667	obj_648b79
668	obj_648ba1
669	obj_648bc5
670	obj_648bfd
671	obj_648c2d
672	obj_648c75
673	obj_648ce9
674	obj_648d05
675	obj_648d21
676	obj_648d5d
677	obj_648d79
678	obj_648d95
679	obj_648de1
680	obj_648e19
681	obj_648e79
682	obj_648e95
683	obj_648ea9
684	obj_648ecd
685	obj_648ef9
686	obj_648f0d
687	obj_648f21
688	obj_648f35
689	obj_648f49
690	obj_648f5d
691	obj_648f71
692	obj_648f89
693	obj_649045
694	obj_649059
695	obj_64906d
696	obj_649081
697	obj_649095
698	obj_6490a9
699	obj_6490bd
700	obj_6490d1
701	obj_6490e5
702	obj_6490f9
703	obj_64910d
704	obj_649121
705	obj_649135
706	obj_649149
707	obj_64915d
708	obj_649171
709	obj_649185
710	obj_649199
711	obj_6491ad
712	obj_6491c1
713	obj_6491d5
714	obj_6491e9
715	obj_6491fd
716	obj_649211
717	obj_649225
718	obj_649239
719	obj_64924d
720	obj_649261
721	obj_649275
722	obj_649289
723	obj_64929d
724	obj_6492b1
725	obj_6492c5
726	obj_6492d9
727	obj_6492ed
728	obj_649301
729	obj_649315
730	obj_649329
731	obj_64933d
732	obj_649351
733	obj_649365
734	obj_649379
735	obj_64938d
736	obj_6493a1
737	obj_6493b5
738	obj_6493c9
739	obj_6493dd
740	obj_6493f1
741	obj_649405
742	obj_649419
743	obj_64942d
744	obj_649441
745	obj_649455
746	obj_649469
747	obj_64947d
748	obj_649491
749	obj_6494a5
750	obj_6494b9
751	obj_6494cd
752	obj_6494e5
753	obj_6494f9
754	obj_64950d
755	obj_649521
756	obj_649535
757	obj_649549
758	obj_64955d
759	obj_649571
760	obj_649585
761	obj_649599
762	obj_6495ad
763	obj_6495c1
764	obj_6495d5
765	obj_6495e9
766	obj_6495fd
767	obj_649611
768	obj_646ea5
769	obj_6496f1
770	obj_649705
771	obj_649719
772	obj_64972d
773	obj_649741
774	obj_649755
775	obj_649769
776	obj_6497a5
777	obj_6497b9
778	obj_6497cd
779	obj_6497e1
780	obj_6497f5
781	obj_649809
782	obj_64981d
783	obj_649831
784	obj_649845
785	obj_649871
786	obj_64989d
787	obj_6498b9
788	obj_6498e5
789	obj_649909
790	obj_64991d
791	obj_649935
792	obj_649949
793	obj_64996d
794	obj_64999d
795	obj_6499c1
796	obj_6499e9
797	obj_6499f9
798	obj_649a19
799	obj_649a39
800	obj_649a59
801	obj_649a7d
802	obj_649a91
803	obj_649ab1
804	obj_649ad1
805	obj_649ae9
806	obj_649b39
807	obj_649b9d
808	obj_649bc1
809	obj_649be1
810	obj_649c01
811	obj_649c21
812	obj_649c41
813	obj_649c99
814	obj_649cbd
815	obj_649ce9
816	obj_649d01
817	obj_649d21
818	obj_649d55
819	obj_649d9d
820	obj_649e21
821	obj_649e4d
822	obj_649e75
823	obj_649ea9
824	obj_649f6d
825	obj_649fa1
826	obj_64a001
827	obj_64a0ad
828	obj_64a0cd
829	obj_64a0f5
830	obj_64a119
831	obj_64a171
832	obj_64a1d1
833	obj_64a3f5
834	obj_64a415
835	obj_64a429
836	obj_64a439
837	obj_64a44d
838	obj_64a461
839	obj_64a475
840	obj_64a489
841	obj_64a49d
842	obj_64a4b1
843	obj_64a4c5
844	obj_64a4d9
845	obj_64a4ed
846	obj_64a501
847	obj_64a519
848	obj_64a535
849	obj_64a549
850	obj_64a59d
851	obj_64a651
852	obj_64a691
853	obj_64a701
854	obj_64a781
855	obj_64a7b1
856	obj_64a7d1
857	obj_64a805
858	obj_64a831
859	obj_64a851
860	obj_64a871
861	obj_64a8bd
862	obj_64a8bd
863	obj_64a8bd
864	obj_64a8bd
865	obj_64a8bd
866	obj_64a8bd
867	obj_64a8bd
868	obj_64a8c9
869	obj_64a8f1
870	obj_64a929
871	obj_64a971
872	obj_64a9a9
