# 'hmtx': glyph, advance width, left side bearing (design units);
# a '-' advance: a glyph past 'hhea' numberOfHMetrics, which has only a bearing
# glyph	advance	lsb
0	768	384
1	0	0
2	10027	0
3	10	0
4	9271	0
5	6	0
6	0	0
7	8087	0
8	10	0
9	9271	0
10	6	0
11	10077	0
12	158	0
13	4151	0
14	4	0
15	768	0
16	6	0
17	4279	0
18	768	0
19	768	0
20	768	0
21	768	0
22	0	0
23	8695	0
24	8	0
25	8439	0
26	4	0
27	14336	0
28	55748	0
29	13057	0
30	55748	0
31	11232	0
32	8704	0
33	10031	0
34	10042	0
35	10027	0
36	0	0
37	8695	0
38	8	0
39	8439	0
40	4	0
41	14336	0
42	55748	0
43	13057	0
44	55748	0
45	11232	0
46	8704	0
47	9536	0
48	11232	0
49	8704	0
50	9280	0
51	9312	0
52	10031	0
53	10042	0
54	10027	0
55	0	0
56	8695	0
57	8	0
58	8439	0
59	4	0
60	14336	0
61	55493	0
62	13186	0
63	12932	0
64	12290	0
65	55493	0
66	12929	0
67	14336	0
68	10031	0
69	10042	0
70	10027	0
71	0	0
72	8695	0
73	8	0
74	8439	0
75	4	0
76	14336	0
77	55493	0
78	13186	0
79	12547	0
80	12291	0
81	55493	0
82	12673	0
83	14336	0
84	10031	0
85	10042	0
86	10027	0
87	0	0
88	8695	0
89	8	0
90	8439	0
91	4	0
92	14336	0
93	55493	0
94	13186	0
95	12932	0
96	12290	0
97	55493	0
98	12673	0
99	14336	0
100	10031	0
101	10042	0
102	10027	0
103	0	0
104	8695	0
105	8	0
106	8439	0
107	4	0
108	14336	0
109	55493	0
110	13186	0
111	12932	0
112	12290	0
113	55493	0
114	12929	0
115	14336	0
116	10042	0
117	10027	0
118	0	0
119	9331	0
120	904	0
121	4919	0
122	4	0
123	5897	0
124	5653	0
125	2	0
126	15679	0
127	58679	0
128	6	0
129	1570	0
130	0	0
131	13063	0
132	61252	0
133	4099	0
134	14607	0
135	61780	0
136	51008	0
137	60995	0
138	12310	0
139	1570	0
140	31	0
141	12561	0
142	1570	0
143	16	0
144	12934	0
145	14448	0
146	59395	0
147	5891	0
148	61656	0
149	15872	0
150	12298	0
151	14352	0
152	51203	0
153	4355	0
154	61525	0
155	62936	0
156	51009	0
157	62935	0
158	12290	0
159	16128	0
160	15872	0
161	4931	0
162	5027	0
163	2	0
164	9839	0
165	1136	0
166	10031	0
167	10042	0
168	10027	0
169	0	0
170	9331	0
171	904	0
172	4919	0
173	4	0
174	5897	0
175	5653	0
176	2	0
177	15679	0
178	58679	0
179	6	0
180	1570	0
181	0	0
182	13063	0
183	61767	0
184	4099	0
185	14607	0
186	61908	0
187	50752	0
188	61768	0
189	12310	0
190	1570	0
191	31	0
192	12561	0
193	1570	0
194	16	0
195	12934	0
196	14448	0
197	59395	0
198	5635	0
199	61527	0
200	16128	0
201	12298	0
202	14352	0
203	51203	0
204	4355	0
205	61653	0
206	62807	0
207	50753	0
208	62808	0
209	12290	0
210	16128	0
211	15872	0
212	4931	0
213	5027	0
214	2	0
215	9839	0
216	1136	0
217	10031	0
218	10042	0
219	10027	0
220	65534	0
221	9331	0
222	3976	0
223	5655	0
224	6	0
225	4919	0
226	8	0
227	5891	0
228	14344	0
229	61528	0
230	5399	0
231	4	0
232	14344	0
233	61527	0
234	6146	0
235	6403	0
236	57441	0
237	5120	0
238	6146	0
239	6403	0
240	57441	0
241	4864	0
242	4097	0
243	14600	0
